<?xml version="1.0" encoding="UTF-8"?><metadata>
<idinfo>
<citation>
<citeinfo>
<origin/>
<pubdate>20120512</pubdate>
<title>Voting Precinct - 2012</title>
<geoform>vector digital data</geoform>
<pubinfo>
<publish>DC GIS</publish>
</pubinfo>
<lworkcit>
<citeinfo>
<origin/>
<title>DC Geographic Information System</title>
<geoform>vector digital data</geoform>
</citeinfo>
</lworkcit>
</citeinfo>
</citation>
<descript>
<abstract>Voting Precincts 2012. The dataset contains polygons representing District of Columbia voting precinct boundaries. Precincts were changed based on the ward redistricting following the 2010 census. Precincts were established by the DC Board of Elections and Ethics (DC BOEE) and created as part of the DC Geographic Information System (DC GIS) for the D.C. Office of the Chief Technology Officer (OCTO) and participating D.C. government agencies. METADATA CONTENT IS IN PROCESS OF VALIDATION AND SUBJECT TO CHANGE.</abstract>
<purpose>This data is used for the planning and management of Washington, D.C. by local government agencies.</purpose>
</descript>
<timeperd>
<timeinfo>
<sngdate>
<caldate>20120101</caldate>
</sngdate>
</timeinfo>
<current>ground condition</current>
</timeperd>
<status>
<progress>Complete</progress>
<update>As needed</update>
</status>
<spdom>
<bounding>
<westbc>-77.119891</westbc>
<eastbc>-76.909016</eastbc>
<northbc>38.995967</northbc>
<southbc>38.791582</southbc>
</bounding>
</spdom>
<keywords>
<theme>
<themekt>None</themekt>
<themekey>election</themekey>
<themekey>society</themekey>
<themekey>boundary</themekey>
<themekey>Voting Precincts</themekey>
<themekey>Electoral District</themekey>
<themekey>Board Of election And Ethics</themekey>
<themekey>Precincts</themekey>
</theme>
<theme>
<themekt>ISO 19115 Topic Categories</themekt>
<themekey>society</themekey>
<themekey>boundaries</themekey>
</theme>
<place>
<placekt>None</placekt>
<placekey>DCGIS</placekey>
<placekey>DC</placekey>
<placekey>DC GIS</placekey>
<placekey>District of Columbia</placekey>
<placekey>Washington</placekey>
<placekey>D.C.</placekey>
</place>
</keywords>
<accconst>None</accconst>
<useconst>This work is licensed under a Creative Commons Attribution 4.0 International License.</useconst>
<ptcontac>
<cntinfo>
<cntorgp>
<cntorg>D.C. Office of the Chief Technology Officer</cntorg>
<cntper>GIS Data Coordinator</cntper>
</cntorgp>
<cntaddr>
<addrtype>mailing and physical</addrtype>
<address>200 I Street SE, 5th Floor</address>
<city>Washington</city>
<state>DC</state>
<postal>20003</postal>
<country>US</country>
</cntaddr>
<cntfax>(202) 727-5660</cntfax>
<cntemail>dcgis@dc.gov</cntemail>
<hours>8:30 am - 5 pm</hours>
</cntinfo>
</ptcontac>
<datacred>D.C. Board of Elections and Ethics</datacred>
</idinfo>
<dataqual>
<attracc>
<attraccr>Data believed to be complete and accurate as of the time period cited. Subject to change. Digital version compared with original source data for accuracy and completeness. In process of validation by source and/or responsible agency.</attraccr>
</attracc>
<logic>In process of validation by source and/or responsible agency.</logic>
<complete>Data believed to be complete and accurate, subject to change. Digital version compared with original source data for accuracy and completeness. In process of validation by source and/or responsible agency.</complete>
<posacc>
<horizpa>
<horizpar>In process of validation by source and/or responsible agency.</horizpar>
</horizpa>
<vertacc>
<vertaccr>N/A</vertaccr>
</vertacc>
</posacc>
<lineage>
<srcinfo>
<srccite>
<citeinfo>
<origin/>
<pubdate>19920101</pubdate>
<title>1992 Ward, ANC, SMD, Voting Precinct map</title>
<geoform>map</geoform>
<onlink>http://www.dcboee.org/</onlink>
</citeinfo>
</srccite>
<srcscale>24000</srcscale>
<typesrc>hardcopyPaper</typesrc>
<srccitea>1992 Ward, ANC, SMD, Voting Precinct map</srccitea>
<srccontr>boundaries of 1990 based voting precincts which were altered to fit the new 2000 Ward boundaries</srccontr>
</srcinfo>
<srcinfo>
<srccite>
<citeinfo>
<origin/>
<title>Board of Elections and Ethics Instructions</title>
</citeinfo>
</srccite>
<typesrc>None</typesrc>
<srccitea>Board of Elections and Ethics Instructions</srccitea>
<srccontr>boundaries and attributes</srccontr>
</srcinfo>
<procstep>
<procdesc>Precincts were identified from public records (D.C. Board of Elections and Ethics) and initially created selecting street arcs from the WGIS planimetric street centerlines and, where necessary, heads-up digitized from the 1995 orthophotographs. A base ArcInfo coverage of correct line work (snapbase.e00) for all DC data was developed after the final delivery of the planimetric street centerlines. The precinct datasets were selected from the snapbase coverage, creating coincident geography with the other DC GIS datasets. Updates were made, in conjuction with BOEE, in 2002 following the snapbase. When imported into the DC GIS geodatabase the coverages shift 0.01mm since the geodatabase supports only 11 digits of precision, not double precision (16 digits). Planimetrics were created at a scale of 1:1,000. This means that a well defined feature falls within two feet of true position. All DC GIS data is stored and exported in Maryland State Plane coordinates NAD 83 meters.</procdesc>
<proccont>
<cntinfo>
<cntorgp>
<cntorg>D.C. Office of the Chief Technology Officer</cntorg>
<cntper>GIS Data Coordinator</cntper>
</cntorgp>
<cntfax>(202) 727-5660</cntfax>
<cntemail>dcgis@dc.gov</cntemail>
<hours>8:30 am - 5 pm</hours>
</cntinfo>
</proccont>
</procstep>
<procstep>
<procdesc>Updated voting precincts to reflect the 2008 elections. Two voting precincts near chinatown had new boundaries.</procdesc>
<procdate>20080614</procdate>
<proccont>
<cntinfo>
<cntorgp>
<cntorg>OCTO</cntorg>
</cntorgp>
</cntinfo>
</proccont>
</procstep>
<procstep>
<procdesc>Edits were made to voter precinct boundaries 6, 7, 11, and 80 to match the shared portion of the 2002 Ward boundary layer (Ward02Ply). Post-edit testing verified that all residences remained in the same precincts prior to boundary updates.</procdesc>
<procdate>20090902</procdate>
<proccont>
<cntinfo>
<cntorgp>
<cntorg>OCTO</cntorg>
</cntorgp>
</cntinfo>
</proccont>
</procstep>
<procstep>
<procdesc>Dataset updated with the enw Voter Precincts for 2012. This information came from the DC BOEE.</procdesc>
<srcused>withheld</srcused>
<procdate>20110715</procdate>
<proctime>133734</proctime>
</procstep>
</lineage>
</dataqual>
<spdoinfo>
<direct>Vector</direct>
<ptvctinf>
<sdtsterm>
<sdtstype>GT-polygon composed of chains</sdtstype>
<ptvctcnt>143</ptvctcnt>
</sdtsterm>
</ptvctinf>
</spdoinfo>
<eainfo>
<detailed>
<enttyp>
<enttypl>DCGIS.VotePrecinctPly</enttypl>
</enttyp>
<attr>
<attrlabl>NAME</attrlabl>
<attrdef>Precinct name</attrdef>
</attr>
<attr>
<attrlabl>WEB_URL</attrlabl>
<attrdef>Precinct web link url</attrdef>
</attr>
<attr>
<attrlabl>GIS_ID</attrlabl>
<attrdef>OCTO GIS sequential identifier</attrdef>
</attr>
<attr>
<attrlabl>OBJECTID_1</attrlabl>
<attrdef>Internal feature number.</attrdef>
<attrdefs>ESRI</attrdefs>
<attrdomv>
          <udom>Sequential unique whole numbers that are automatically generated.</udom>
        </attrdomv>
</attr>
<attr>
<attrlabl>Editor</attrlabl>
</attr>
<attr>
<attrlabl>Edited</attrlabl>
</attr>
<attr>
<attrlabl>SHAPE.AREA</attrlabl>
</attr>
<attr>
<attrlabl>SHAPE.LEN</attrlabl>
</attr>
<attr>
<attrlabl>OBJECTID</attrlabl>
<attrdef>Internal feature number.</attrdef>
<attrdefs>ESRI</attrdefs>
<attrdomv>
          <udom>Sequential unique whole numbers that are automatically generated.</udom>
        </attrdomv>
</attr>
<attr>
<attrlabl>Shape</attrlabl>
<attrdef>Feature geometry.</attrdef>
<attrdefs>ESRI</attrdefs>
<attrdomv>
          <udom>Coordinates defining the features.</udom>
        </attrdomv>
</attr>
<attr>
<attrlabl>SHAPE</attrlabl>
<attrdef>Feature geometry.</attrdef>
<attrdefs>ESRI</attrdefs>
<attrdomv>
          <udom>Coordinates defining the features.</udom>
        </attrdomv>
</attr>
<attr>
<attrlabl>GlobalID</attrlabl>
</attr>
<attr>
<attrlabl>Creator</attrlabl>
</attr>
<attr>
<attrlabl>Created</attrlabl>
</attr>
</detailed>
</eainfo>
<distinfo>
<distrib>
<cntinfo>
<cntorgp>
<cntorg>D.C. Office of the Chief Technology Officer</cntorg>
<cntper>GIS Data Coordinator</cntper>
</cntorgp>
<cntaddr>
<addrtype>mailing and physical</addrtype>
<address>200 I Street SE, 5th Floor</address>
<city>Washington</city>
<state>DC</state>
<postal>20003</postal>
<country>US</country>
</cntaddr>
<cntfax>(202) 727-5660</cntfax>
<cntemail>dcgis@dc.gov</cntemail>
<hours>8:30 am - 5 pm</hours>
</cntinfo>
</distrib>
<distliab>See access and use constraints information.</distliab>
<custom>DC datasets can be downloaded from "http://opendata.dc.gov".</custom>
</distinfo>
<metainfo>
<metd>20171103</metd>
<metrd>01/07/04</metrd>
<metc>
<cntinfo>
<cntorgp>
<cntorg>D.C. Office of the Chief Technology Officer</cntorg>
<cntper>GIS Data Coordinator</cntper>
</cntorgp>
<cntaddr>
<addrtype>mailing and physical</addrtype>
<address>200 I Street SE, 5th Floor</address>
<city>Washington</city>
<state>DC</state>
<postal>20003</postal>
<country>US</country>
</cntaddr>
<cntfax>(202) 727-5660</cntfax>
<cntemail>dcgis@dc.gov</cntemail>
<hours>8:30 am - 5 pm</hours>
</cntinfo>
</metc>
<metstdn>FGDC Content Standard for Digital Geospatial Metadata</metstdn>
<metstdv>FGDC-STD-001-1998</metstdv>
<mettc>local time</mettc>
</metainfo>
</metadata>
